a_over_b,mode_family,p,q,kz,ky,kx
0.5,E_y,1,2,9415477.0040730834,306587.64648789563,285020.01788687997
0.5,E_y,2,1,9406393.9831728507,153376.51764660288,568038.27949219313
0.55000000000000004,E_y,1,2,9416133.2304480784,306587.64648789563,262447.34953262762
0.55000000000000004,E_y,2,1,9408979.0768388584,153376.51764660288,523476.82398311782
0.59999999999999998,E_y,1,2,9416650.5216604359,306587.64648789563,243180.13433983095
0.59999999999999998,E_y,2,1,9411023.9992354587,153376.51764660288,485327.24985632102
0.65000000000000002,E_y,1,2,9417065.4460150339,306587.64648789563,226543.61676054425
0.65000000000000002,E_y,2,1,9412668.3296435345,153376.51764660288,452316.44869987282
0.69999999999999996,E_y,1,2,9417403.3042284753,306587.64648789563,212034.50269202233
0.69999999999999996,E_y,2,1,9414009.6792932171,153376.51764660288,423482.0088415388
0.75,E_y,1,2,9417682.0465031359,306587.64648789563,199269.90690465539
0.75,E_y,2,1,9415117.8301808871,153376.51764660288,398084.78675879195
0.80000000000000004,E_y,1,2,9417914.6907046288,306587.64648789563,187953.460822639
0.80000000000000004,E_y,2,1,9416043.6727251634,153376.51764660288,375548.67456999479
0.85000000000000009,E_y,1,2,9418110.862016011,306587.64648789563,177852.22967766924
0.85000000000000009,E_y,2,1,9416824.9922576752,153376.51764660288,355418.5122219784
0.90000000000000002,E_y,1,2,9418277.80029957,306587.64648789563,168780.63043363381
0.90000000000000002,E_y,2,1,9417490.3014198113,153376.51764660288,337330.21848426189
0.94999999999999996,E_y,1,2,9418421.0353217144,306587.64648789563,160588.99786324025
0.94999999999999996,E_y,2,1,9418061.4325426519,153376.51764660288,320989.2622682302
1,E_y,1,2,9418544.8492313288,306587.64648789563,153155.30628510978
1,E_y,2,1,9418555.3256924599,153376.51764660288,306154.9125999083
1.05,E_y,1,2,9418652.5995287448,306587.64648789563,146379.07711040677
1.05,E_y,2,1,9418985.2841735072,153376.51764660288,292628.55322365148
1.1000000000000001,E_y,1,2,9418746.9485957194,306587.64648789563,140176.82812823524
1.1000000000000001,E_y,2,1,9419361.8706665672,153376.51764660288,280244.89838657284
1.1499999999999999,E_y,1,2,9418830.0294334479,306587.64648789563,134478.6282945784
1.1499999999999999,E_y,2,1,9419693.5565631054,153376.51764660288,268865.30843967618
1.2000000000000002,E_y,1,2,9418903.5670843665,306587.64648789563,129225.45720821194
1.2000000000000002,E_y,2,1,9419987.1990241446,153376.51764660288,258372.64534020016
1.25,E_y,1,2,9418968.9687744118,306587.64648789563,124367.15840599127
1.25,E_y,2,1,9420248.3959690146,153376.51764660288,248667.27143330296
1.3,E_y,1,2,9419027.3916533496,306587.64648789563,119860.83642782862
1.3,E_y,2,1,9420481.753359491,153376.51764660288,239663.90687737777
1.3500000000000001,E_y,1,2,9419079.7942748368,306587.64648789563,115669.58938617576
1.3500000000000001,E_y,2,1,9420691.0886546783,153376.51764660288,231289.13891749876
1.3999999999999999,E_y,1,2,9419126.9761271793,306587.64648789563,111761.49792551092
1.3999999999999999,E_y,2,1,9420879.5872546714,153376.51764660288,223479.43101575552
1.4500000000000002,E_y,1,2,9419169.6082817446,306587.64648789563,108108.81206821144
1.4500000000000002,E_y,2,1,9421049.9239333216,153376.51764660288,216179.5189068719
1.5,E_y,1,2,9419208.2573682945,306587.64648789563,104687.29220981
1.5,E_y,2,1,9421204.3579258882,153376.51764660288,209341.1088083834
1.55,E_y,1,2,9419243.404487092,306587.64648789563,101475.67123062443
1.55,E_y,2,1,9421344.807999976,153376.51764660288,202921.81354096474
1.6000000000000001,E_y,1,2,9419275.4602437299,306587.64648789563,98455.212536249805
1.6000000000000001,E_y,2,1,9421472.9121799618,153376.51764660288,196884.27742734604
1.6500000000000001,E_y,1,2,9419304.7767890301,306587.64648789563,95609.344651218009
1.6500000000000001,E_y,2,1,9421590.0756052192,153376.51764660288,191195.4520800524
1.7000000000000002,E_y,1,2,9419331.657526819,306587.64648789563,92923.357334648754
1.7000000000000002,E_y,2,1,9421697.5091399923,153376.51764660288,185825.99361801863
1.75,E_y,1,2,9419356.3649918232,306587.64648789563,90384.147466865659
1.75,E_y,2,1,9421796.2607209571,153376.51764660288,180749.75823893817
1.8,E_y,1,2,9419379.1272814739,306587.64648789563,87980.005452198762
1.8,E_y,2,1,9421887.24096171,153376.51764660288,175943.37794247089
1.8500000000000001,E_y,1,2,9419400.1433371864,306587.64648789563,85700.434798657196
1.8500000000000001,E_y,2,1,9421971.2441851813,153376.51764660288,171385.90194763412
1.9000000000000001,E_y,1,2,9419419.5873044021,306587.64648789563,83535.999015053472
1.9000000000000001,E_y,2,1,9422048.9657933135,153376.51764660288,167058.4922474866
1.9500000000000002,E_y,1,2,9419437.6121505816,306587.64648789563,81478.191120204603
1.9500000000000002,E_y,2,1,9422121.0166848432,153376.51764660288,162944.16400913708
2,E_y,1,2,9419454.352682,306587.64648789563,79519.321962724091
2,E_y,2,1,9422187.9352806583,153376.51764660288,159027.56330413005
2.0499999999999998,E_y,1,2,9419469.9280708767,306587.64648789563,77652.424261740729
2.0499999999999998,E_y,2,1,9422250.1975997258,153376.51764660288,155294.77605763625
2.1000000000000001,E_y,1,2,9419484.4439815953,306587.64648789563,75871.169847518177
2.1000000000000001,E_y,2,1,9422308.2257383894,153376.51764660288,151733.16322263848
2.1500000000000004,E_y,1,2,9419497.9943670779,306587.64648789563,74169.79803046782
2.1500000000000004,E_y,2,1,9422362.3950357195,153376.51764660288,148331.21807497652
2.2000000000000002,E_y,1,2,9419510.662992524,306587.64648789563,72543.05339196368
2.2000000000000002,E_y,2,1,9422413.0401524305,153376.51764660288,145078.44224513514
2.25,E_y,1,2,9419522.5247327853,306587.64648789563,70986.131581888418
2.25,E_y,2,1,9422460.4602476135,153376.51764660288,141965.23767881579
2.2999999999999998,E_y,1,2,9419533.6466810238,306587.64648789563,69494.631946378271
2.2999999999999998,E_y,2,1,9422504.9234030377,153376.51764660288,138982.81219048938
2.3500000000000001,E_y,1,2,9419544.0890993588,306587.64648789563,68064.516002128803
2.3500000000000001,E_y,2,1,9422546.6704174783,153376.51764660288,136123.09665648843
2.4000000000000004,E_y,1,2,9419553.9062367473,306587.64648789563,66692.070932936767
2.4000000000000004,E_y,2,1,9422585.9180714656,153376.51764660288,133378.67220884206
2.4500000000000002,E_y,1,2,9419563.1470348593,306587.64648789563,65373.877413163122
2.4500000000000002,E_y,2,1,9422622.8619452789,153376.51764660288,130742.70604899898
2.5,E_y,1,2,9419571.8557391446,306587.64648789563,64106.781172370247
2.5,E_y,2,1,9422657.6788587086,153376.51764660288,128208.89471442084
2.5500000000000003,E_y,1,2,9419580.072429372,306587.64648789563,62887.867802433502
2.5500000000000003,E_y,2,1,9422690.5289894547,153376.51764660288,125771.41380812708
2.6000000000000001,E_y,1,2,9419587.8334815316,306587.64648789563,61714.440384605608
2.6000000000000001,E_y,2,1,9422721.557717694,153376.51764660288,123424.87334855553
2.6499999999999999,E_y,1,2,9419595.171971079,306587.64648789563,60583.999574324887
2.6499999999999999,E_y,2,1,9422750.897236472,153376.51764660288,121164.2780200206
2.7000000000000002,E_y,1,2,9419602.1180258747,306587.64648789563,59494.225835214209
2.7000000000000002,E_y,2,1,9422778.6679613255,153376.51764660288,118984.99170843084
2.75,E_y,1,2,9419608.699135866,306587.64648789563,58442.963555831317
2.75,E_y,2,1,9422804.9797672015,153376.51764660288,116882.70579216798
2.8000000000000003,E_y,1,2,9419614.940425463,306587.64648789563,57428.206820970561
2.8000000000000003,E_y,2,1,9422829.9330764674,153376.51764660288,114853.41073297014
2.8500000000000001,E_y,1,2,9419620.8648936618,306587.64648789563,56448.086639396774
2.8500000000000001,E_y,2,1,9422853.6198181249,153376.51764660288,112893.37057298617
2.9000000000000004,E_y,1,2,9419626.4936262071,306587.64648789563,55500.85945756681
2.9000000000000004,E_y,2,1,9422876.124275364,153376.51764660288,110999.09999699981
2.9500000000000002,E_y,1,2,9419631.8459834475,306587.64648789563,54584.896810026039
2.9500000000000002,E_y,2,1,9422897.5238360856,153376.51764660288,109167.3436637914
3,E_y,1,2,9419636.9397670217,306587.64648789563,53698.675978428771
3,E_y,2,1,9422917.8896588534,153376.51764660288,107395.05754927834
3.0500000000000003,E_y,1,2,9419641.7913680673,306587.64648789563,52840.7715451595
3.0500000000000003,E_y,2,1,9422937.2872650083,153376.51764660288,105679.39207641126
3.1000000000000001,E_y,1,2,9419646.4158992134,306587.64648789563,52009.847744186365
3.1000000000000001,E_y,2,1,9422955.7770661619,153376.51764660288,104017.67683568184
3.1500000000000004,E_y,1,2,9419650.8273124322,306587.64648789563,51204.651522082379
3.1500000000000004,E_y,2,1,9422973.4148349911,153376.51764660288,102407.40672359677
3.2000000000000002,E_y,1,2,9419655.0385043621,306587.64648789563,50424.00623380606
3.2000000000000002,E_y,2,1,9422990.2521261815,153376.51764660288,100846.22934854598
3.25,E_y,1,2,9419659.0614106804,306587.64648789563,49666.805906292735
3.25,E_y,2,1,9423006.3366535027,153376.51764660288,99331.933570299792
3.3000000000000003,E_y,1,2,9419662.9070907608,306587.64648789563,48932.01001118061
3.3000000000000003,E_y,2,1,9423021.7126281094,153376.51764660288,97862.439056365052
3.3500000000000001,E_y,1,2,9419666.5858037509,306587.64648789563,48218.638694876252
3.3500000000000001,E_y,2,1,9423036.4210626148,153376.51764660288,96435.78675114052
3.4000000000000004,E_y,1,2,9419670.1070770733,306587.64648789563,47525.76841959772
3.4000000000000004,E_y,2,1,9423050.5000447799,153376.51764660288,95050.130166500836
3.4500000000000002,E_y,1,2,9419673.4797681626,306587.64648789563,46852.527974955519
3.4500000000000002,E_y,2,1,9423063.984984288,153376.51764660288,93703.727411952219
3.5,E_y,1,2,9419676.7121202163,306587.64648789563,46198.094823824125
3.5,E_y,2,1,9423076.9088355545,153376.51764660288,92394.933892579429
3.5500000000000003,E_y,1,2,9419679.811812615,306587.64648789563,45561.691750054553
3.5500000000000003,E_y,2,1,9423089.302299222,153376.51764660288,91122.195610111667
3.6000000000000001,E_y,1,2,9419682.7860065699,306587.64648789563,44942.583779545414
3.6000000000000001,E_y,2,1,9423101.1940046065,153376.51764660288,89884.04300991437
3.6500000000000004,E_y,1,2,9419685.6413865183,306587.64648789563,44340.075348971935
3.6500000000000004,E_y,2,1,9423112.6106751598,153376.51764660288,88679.085322527593
3.7000000000000002,E_y,1,2,9419688.3841977119,306587.64648789563,43753.507699199254
3.7000000000000002,E_y,2,1,9423123.5772787035,153376.51764660288,87506.005354402732
3.75,E_y,1,2,9419691.0202804003,306587.64648789563,43182.256472774301
3.75,E_y,2,1,9423134.1171640344,153376.51764660288,86363.554686289368
3.8000000000000003,E_y,1,2,9419693.5551009346,306587.64648789563,42625.729497354114
3.8000000000000003,E_y,2,1,9423144.2521852888,153376.51764660288,85250.549242893117
3.8500000000000001,E_y,1,2,9419695.993780138,306587.64648789563,42083.36473816885
3.8500000000000001,E_y,2,1,9423154.002815295,153376.51764660288,84165.865200508764
3.9000000000000004,E_y,1,2,9419698.3411191795,306587.64648789563,41554.628404968033
3.9000000000000004,E_y,2,1,9423163.3882490303,153376.51764660288,83108.435203169036
3.9500000000000002,E_y,1,2,9419700.6016232204,306587.64648789563,41039.013199763256
3.9500000000000002,E_y,2,1,9423172.4264981486,153376.51764660288,82077.244860329491
4,E_y,1,2,9419702.7795230597,306587.64648789563,40536.036693504357
4,E_y,2,1,9423181.1344774459,153376.51764660288,81071.329501894215
4.0500000000000007,E_y,1,2,9419704.878794929,306587.64648789563,40045.239820577874
4.0500000000000007,E_y,2,1,9423189.5280840527,153376.51764660288,80089.771169148997
4.0999999999999996,E_y,1,2,9419706.9031786602,306587.64648789563,39566.185481539491
4.0999999999999996,E_y,2,1,9423197.6222700179,153376.51764660288,79131.695821279514
4.1500000000000004,E_y,1,2,9419708.8561943546,306587.64648789563,39098.457244718476
4.1500000000000004,E_y,2,1,9423205.4311089478,153376.51764660288,78196.270740327862
4.2000000000000002,E_y,1,2,9419710.7411576901,306587.64648789563,38641.658138965984
4.2000000000000002,E_y,2,1,9423212.9678572081,153376.51764660288,77282.702117611218
4.25,E_y,1,2,9419712.5611940045,306587.64648789563,38195.409530065881
4.25,E_y,2,1,9423220.2450102195,153376.51764660288,76390.232807689725
4.3000000000000007,E_y,1,2,9419714.3192512617,306587.64648789563,37759.350074001326
4.3000000000000007,E_y,2,1,9423227.2743542679,153376.51764660288,75518.140235858737
4.3499999999999996,E_y,1,2,9419716.0181119945,306587.64648789563,37333.134741249778
4.3499999999999996,E_y,2,1,9423234.0670142695,153376.51764660288,74665.734447490831
4.4000000000000004,E_y,1,2,9419717.6604043152,306587.64648789563,36916.433906202445
4.4000000000000004,E_y,2,1,9423240.6334977895,153376.51764660288,73832.3562879651
4.4500000000000002,E_y,1,2,9419719.2486120947,306587.64648789563,36508.93249719654
4.4500000000000002,E_y,2,1,9423246.9837357178,153376.51764660288,73017.375702975958
4.5,E_y,1,2,9419720.7850843556,306587.64648789563,36110.329201895802
4.5,E_y,2,1,9423253.1271198224,153376.51764660288,72220.190150328533
4.5499999999999998,E_y,1,2,9419722.2720439602,306587.64648789563,35720.335724391305
4.5499999999999998,E_y,2,1,9423259.0725374948,153376.51764660288,71440.223114478256
4.6000000000000005,E_y,1,2,9419723.7115956582,306587.64648789563,35338.676089867207
4.6000000000000005,E_y,2,1,9423264.8284039125,153376.51764660288,70676.92271638909
4.6500000000000004,E_y,1,2,9419725.1057335399,306587.64648789563,34965.08599327827
4.6500000000000004,E_y,2,1,9423270.4026918188,153376.51764660288,69929.760411509051
4.7000000000000002,E_y,1,2,9419726.4563479405,306587.64648789563,34599.312189012526
4.7000000000000002,E_y,2,1,9423275.8029591627,153376.51764660288,69198.229769433325
4.75,E_y,1,2,9419727.7652318534,306587.64648789563,34241.111918474257
4.75,E_y,2,1,9423281.0363747049,153376.51764660288,68481.845329353237
4.7999999999999998,E_y,1,2,9419729.0340868831,306587.64648789563,33890.25237274867
4.7999999999999998,E_y,2,1,9423286.1097418442,153376.51764660288,67780.141525873565
4.8500000000000005,E_y,1,2,9419730.264528783,306587.64648789563,33546.51018803574
4.8500000000000005,E_y,2,1,9423291.0295207202,153376.51764660288,67092.671680237778
4.9000000000000004,E_y,1,2,9419731.4580925945,306587.64648789563,33209.670971521962
4.9000000000000004,E_y,2,1,9423295.8018487915,153376.51764660288,66419.007052165514
4.9500000000000002,E_y,1,2,9419732.6162374448,306587.64648789563,32879.528855452692
4.9500000000000002,E_y,2,1,9423300.4325599913,153376.51764660288,65758.735948448448
5,E_y,1,2,9419733.7403509971,306587.64648789563,32555.886077600429
5,E_y,2,1,9423304.9272025563,153376.51764660288,65111.462883962129
